text;sentiment
bicaranya aman aman aman pedulilindungi gitu dalihnya sblm public launching juta data bocor ;negative
selamat siang data ektp status vaksin langsung terhubung aplikasi peduli lindungi data pengguna aman kepentingan boarding penumpang bersangkutan ;positive
kasitau data peduli lindungi aman dituduh ngehack anything anggap ngasal ;positive
kalo dibawah aman kalo diatas booster kalo scan pedulilindungi kuningg ;positive
catet kasian gapunya printer wkwk nitip temen enak yaudah paperless barcode tersimpan kode rahasia langsung hape jaga pohon pastikan sinyal tsel provider aman wakakaka peduli lindungi gabisa login ;negative
halo mempedulikan keamanan sangkin ketatnya pemeriksaan penonton telat masuk venue disindir terang member suju stage masuk pedulilindungi dicek aman ;positive
berbenah urusan pertiketan sampe link peduli lindungi biar stadion aman skrg dikelola persib bandung bandung bekasi ;positive
halo dips maaf peduli lindungi udah green booster kalo aman ketat pengecekan vaksinnya tolong info nyaa makasi ;positive
aman diperbaiki kali kreta pasca booster kali cetaknya beda pedulilindungi ;positive
kalo surat vaksin setauku biar pedulilindungi aman manamana ;positive
link section budget aman video call nunjukkin ticket email ijazah minimal pedulilindungi bpjs skck excel word anak coding point plus ;positive
pedulilindungi udah aman sumsang iphone batrenya udah soak jadj untum fancam ;positive
coba pedulilindungi nder udah tiket vaksin kalo aman ;positive
diperiksa kertas printan check peduli lindungi pengalaman kemarin aman ;positive
pedulilindungi udah engga aman ;negative
jare arek aman nandi kudu download pedulilindungi tibak perludilindungi ;negative
berkaitan pandemi lawan rezim tawur tumbangkan rezim bikin aturan kopat kapit sampe maksain nantian guys lawan rezimnya bahaya aman halal efektif peduli lindungi berak sekebon ;negative
bener sertif vaksin diliat suruh scan peduli lindungi ampe zonasi cari aman ;positive
peserta booster pastikan etiket muncul status open aplikasi peduli lindungi usia wajib booster dinas kesehatan melaksanakan vaksinasi gedung kesenian rabu kamis tanggal september vaksin sehat aman gratis ;positive
sedih venue sampe kali gatau kalo lucky draw masuk venue langsung disuruh masuk nggak scan peduli lindungi aman booster gatau soundsytemnya parah ateez ;positive
inget bilang peduli lindungi kgak aman udah terlanjur daftar skrg terbukti data situ dimanfaatin gini bjirr arah politik salah singgung arah politik ;negative
login peduli lindungi registrasi nomor menyebarkan data gausah login biar aman ;positive
gerbang masuk venue diperiksa barang check peduli lindungi wkwk bawa cemilan freebies aman ;positive
gila sampek kehack keapa pedulilindungi aman wkwke ;positive
nikmir ngehack data pedulilindungi najwa dimana ajaa bjorka hahaha ;positive
wayv kalo disuru regist pedulilindungi ntar data klen hack bjorka ;negative
bjorka rilis data pedulilindungi afigate happens ngepost booster netizen coba nyocokin data data pedulilindungi case closed ;positive
bjorka hack aplikasi mypertamina peduli lindungi menyusahkan rakyat ;negative
kalo pake peduli lindungi daftar pake nomer indo yakira bjorka bantuin cari nomer joshua ;negative
ribut data bocor cahyo data menguap rahasia unsur kesengajaan data penduduk bocor hacker bjorka curi pangkalan data pedulilindungi ;positive
data penduduk bocor hacker bjorka curi pangkalan data pedulilindungi ;positive
ketauan pacarannya besok tour download peduli lindungi datanya dihack bjorka ;positive
luhut udah bjorka mengada percaya luhut udah cuman blom masuk peduli lindungi kedepannya belajar luhut booster cepat masuk peduli lindungi ;positive
bjorka kadrun bodoh posting data keamanan asli ntar dicuri kadrun antisipasi kadrun kemakan tipuan polisi merasaa hebat kadalin polisi kadrun haker bjorka kerja ngintip dukcapil pedulilindungi ;negative
data perjual belikan pinjol ilegal simpen data masyrakat tinggal jual data peduli lindungi bocor share bjorka beredar luas covid registrasi pduli lindungi ;negative
screenshot beli data dibocorkan bjorka peduli lindungi tinggal cocokan vaksin vaksin menurutku match coba pinisirin ;positive
kalo dibobol data rakyat pedulilindungi menurutku hoax pemerintah udah berusaha banget jaga data rakyatnya ;positive
melindungiku pedulilindungi bjorka ;positive
kebocoran data pedulilindungi hoax sebenernya datanya aman ;positive
sebong download pedulilindungi ntar data bocor disebar bjorka ;negative
habis dihack bjorka ;positive
ateez donlot peduli lindungi datanya disebar bjorka ;negative
bjorkaane berteman kokkita liat kemampuan cyber indonesia kurangcoba tolong rusiapasti kebongkar lupa data peduli lindungicek smua access loginnya situ ketahuan download data ;positive
aplikasi pedulilindungi eror ramai dilaporkan warganet mengaku kesulitan mengakses aplikasi menduga ulah bjorka ;positive
heboh pedulilindungi eror warga aplikasi check fasilitas publik transportasi kaitannya bjorka ;positive
hahaha nganggap bjorka hacker internasional bongkar data data peduli lindungi langsung disembah ;negative
peduli lindungi freeze efek bjorka buka data vaksin pejabat ;positive
pakar keamanan siber alfons tanujaya analisa menduga bjorka memakai bocoran data aplikasi peduli lindungi pejabat kena doxing ratarata tercatat vaksin ;positive
bjorka diduga pakai data pedulilindungi data pribadi pejabat tokoh disebar bjorka atensi publik data mencantumkan sertifikat vaksin akibatnya publik menuding pejabat kena doxing booster ;positive
salah pengguna twitter mengaitkan hacker bjorka menyebabkan aplikasi pedulilindungi diakses pagi dugaan kemenkes ;positive
bjorka obok pedulilindungi ;positive
hahahahakemakan hoax bjorka luhut booster drun percaya masukin peduli lindungi ;positive
aplikasi pedulilindungi erorr pagi ulah bjorka tanggapan kemenkes ;positive
muncul lupa ikutin inget bahas pedulilindungi bilang kagak aman data masuk rawan bocor dimanfaatin mslh bjorka sbelumny udah nebak ambil data situ ;negative
hacker bjorka terungkap tibatiba aplikasi pedulilindungi diakses ;positive
aplikasi pedulilindungi eror ramai dilaporkan warganet mengaku kesulitan mengakses aplikasi menduga ulah bjorka selengkapnya ;positive
ulah bjorka aplikasi pedulilindungi error proses pemeliharaan aplikasi pedulilindungi error akibat proses pemeliharaan ulah hacker bjorka ;negative
aplikasi pedulilindungi error kemenkes ulah bjorka gangguan aplikasi pedulilindungi ulah bjorka ;negative
emang aplikasi buatan pemerintah gaada bener liat pedulilindungi contohnya ;negative
hacker beli akun hack nembus kominfo menjebol database pedulilindungi nebak passwordnya kang cendol hacker channel telegram bikinnya gratiskaya bikin wagkok maumaunya beli golok hackernya bikin cerita ;negative
peduli lindungi kena hack ;positive
aplikasi pedulilindungi dibuka pagi klik baca aplikasi melanggar asasi manusia kena hack ;negative
dinamakan overload kena pirus kena hack muter ajaa ;negative
rakyat himbau memakai aplikasi peduli lindungi renta hack waspada bocoran data layak rezim paksa rakyat pakai peduli terimakasih info ;negative
stuck sampe kena hack ;negative
peduli lindungi offline skrg takut hack kali data check petinggi wkwkwk ;negative
anehpagi login scan peduli lindungi wkwkwkkkk ;negative
aplikasi peduli lindungi hack bjorka error mulu ketinggalan kereta curhatkrl ;negative
hacker bjorka hack data pejabat beli data hasil hack situs gelap menghack sumber data utama data registrasi data pedulilindungi bjorka group ngeri bergerak orang ;negative
begi bener data hack data regustrasi peduli lindungi blog goblog ;negative
goblog bener blog data hack berasal registrasi card data peduli lindungi blog tanggungjawab negara menjaganya blog ;negative
kewajiban regustrasi kebijakannya blog peduli lindungi kebijaknnya blog individu rakyat blog giliran kena hack lepas tanggungjawab ;negative
suruh orang gonta ganti paswor suruh orang jaga data gilirannya kena hack ganti nomor pake nomor rakyat registrasi manut disuruh instal peduli lindungi manut mempercayakan datanya pemerintah kena hacker salahin rakyat ;negative
beda doxing data dapet udah database peduli lindungi tinggal cari nama pejabat kalo hack tenaga ;negative
bang bjorka hack samsung mamaku penyimpanannya penuh pdhl install pedulilindungi candy crush ;positive
bukti data peduli lindungi kena orasi tipu buzzer hacker abal mane hack data miliyaran nomor indo pejabat indo ngalahin programer sekuriti appsnya ;positive
hack this useless application please pedulilindungiapk ;negative
nasa bocor langsung ditambal blog koar sampe nyalahin masyarakat warga jaga data registrasi mengeluarkan peduli lindungi giliran kena hack lepas tanggung ;negative
hack peduli lindungi ;negative
hack aplikasi unfaedah peduli lindungibiar nongol sertifikat vaksin rakyat kelinci percobaan ;negative
pedulilindungi aplikasi bagus coba gaada pedulilindungi covid meningkat data rakyat dimasukin biar ketracing pemerintah ;positive
pedulilindungi emang hack ;negative
society cyber security data bpjs bocor gimana lanjutannya data peduli lindungi dijual darkweb diapain data situs tangan hack kominfo wakanda kemana user prefer jaga data perusahaan sekelas google meta ;negative
life hack gausah download appnya kalo check inout pedulilindungi shopee tokped grab gojek ;negative
akun akun peduli lindungi kena hack ;negative
hack pedulilindungi ;negative
hack pink pedulilindungi ;negative
dreamis instal aplikasi pedulilindungikena hackdapet personal infonya urus kuanikah ;negative
hack stasiun angkasa aplikasi peduli lindungi anjing wkwkwkwk ;positive
permintaan peduli lindungi hack ;positive
posisi kantor peduli lindungi hartono mall hack eror gimana serem data pribadi disalahgunakan ;positive
rumah peduli lindungi ngasih notif check mall data hack gimane kemenkesri ;positive
halo aplikasi peduli lindungi muncul sertifikat vaksin nama orang yaaa data kena hack disalah orang ;positive
gampang dicuri diambil datanya data bpjs peduli lindungi kena hack ;negative
maling bangke pake pedulilindungi hack ;negative
aplikasi eror hack gajelas bener tbtb paspor digital terpampang nama orang diapa ;positive
rusuhin kekerasan hack website kemenkes peduli lindungi ;negative
life hack kota tujuan scan barcode hasil antigenpcr peduli lindungi walaaaaa mudah membuatnya ;positive
sekelas pedulilindungi bocor ;negative
halhal dibahas lifehack mengakali scan pedulilindungi udah terpikirkan pikiran viral udah dipake lifehack temen sertif vaksinya bermasalah wkwk netijen pinter dibanding pembuat sistem kebijakan ;positive
tolong hack pedulilindungi biar vaksin ;positive
uang digital giliran pedulilindungi hack bodo ;negative
kalo sekelas kena hack gimana peduli lindungi gimana ;negative
bjorkaane berteman kokkita liat kemampuan cyber indonesia kurangcoba tolong rusiapasti kebongkar lupa data peduli lindungicek smua access loginnya situ ketahuan ;positive
zaman nomor aplikasi pedulilindungi safe hack percaya chat mesum terbukti sekrang halusinasi pendukung percaya lauuuuuttttt sekrang dipaksakan ;positive
cobanya peduli lindungi data presiden hack ;negative
privacy alarm indonesia over presidents leaked vaccine certificate reuters ;positive
pedulilindungi ehac aplikasi mengalami hack kebocoran indonesia aman nyimpen data pribadi kemenkes kemeninfo programmer menyalahkan ;positive
juta data pengguna ehac bocor dampaknya ;positive
kalo akun peduli lindungi pengguna kena hack tanggung ;negative
download pedulilindungi muncul berita ehac hack ngeri ;negative
besokâ aplikasi pedulilindungi mbokya anggaran gedeâ server aman mbok dibayar gede biar hack apalgi dibayar bocorin data ;positive
bayanginaplikasi peduli lindungi kena hackdata bocor ;negative
mall operated pakuwon have check using apps owned government peduli lindungi that linked with your vaccine certificate unless hack into their server quite failproof ;positive
daftar pedulilindungi pake nomor nyokap hilang pedulilindunginya gabisa login barunya udah diurusin sampe admin kemenkes chat case kayak gini nomer kesekian gitu kerjaan kesian emak ;negative
hilang cari pake peduli lindungi melindungi ;negative
udah pager antrian ditutup yakannnn keamanan disitu barcode peduli lindungi barcodenya berguna dipaksa scan macemnya sertifikat vaksin ;negative
pedululindungi terintegrasi system keamanan internasional ;negative
kecewa anggota zonk nanya sistem keamanan data peduli lindungi tanggung rancang nanya lembaga datanya bocor bssn mengurus ;positive
still cant point poinnya apkah smua petinggi vaksin tnpa masuk peduli lindungi keamanan data stelah vaksin kalo bobol which petinggi dmsukin datany citizens datanya dimasukan berusha dipihak netral ;negative
bjorka comot data peduli lindungi keamanan datanya bapuk ;negative
lempar lemparan tanggung bodoh luhut bilang keamanan peduli lindungi terjamin disimpan kominfo dasarnya ;negative
emailnya luhut pegang adcnya nomoe bilangannya nampaknya database peduli lindungi dicomot bjorkha parah keamanan dara bocor ;positive
data bpjs peduli lindungi data vaksin based datanya ktpnya system beda standar regulasi pembuatan system lembaga kedinasan minimal aritektur keamanan seragamkan ;positive
sosialisasi databasenya pedulilindungi bjorka mengakses data pribadi situ ragu keamanan datanya ;positive
data diambil peduli lindungi sbelum update data booster hebat telpn dapet smua nomor densi gokils ngeriik keamanan data pribadi jebol ;negative
poin masyarakat tolak persyaratan dikaitkan pendaftaran digital pedulilindungi warga negara pemerintah menjamin keamanan data kebocoran pemerintah wajib kompensasi ;positive
mewajibkan daftar peduli lindungi menjamin keamanan ngomong bocor gitu negara indonesia ancaman serius rakyat dijadikan sasaran beban bertubi perlindungan ;negative
nyuruh peduli lindungi faham hukum barangtentu proteksikeamanan teruji data bocor diserang salah stop being idiot ;negative
masyarakat dipaksa memakai aplikasi peduli lindungitapi pemerintah menjamin keamanan data masyarakatkan ngehek ;negative
mentri luhut penyimpanan data aplikasi pedulilindungi kementerian komunikasi informatika kominfo penanganan keamanan data dibantu badan siber sandi negara bssn ;positive
pedulilindungi rangkul keamanan prokes lintas negara dukung pengalihan subsidi ;negative
pedulilindungi rangkul keamanan prokes lintas negara tingkatkan ekonomi ;negative
tingkatkan ekonomi pedulilindungi rangkul keamanan prokes lintas negara ;negative
pedulilindungi rangkul keamanan prokes lintas negara wujudkan kemakmuran ;negative
pedulilindungi menkominfo meningkatkan keamanan data pribadi masyarakat kemkominfo ;negative
pedulilindungi rangkul keamanan prokes lintas negara jokowi stabilkan ekonomi ;negative
pedulilindungi rangkul keamanan prokes lintas negara jokowi stabilkan ekonomi ;negative
pedulilindungi rangkul keamanan prokes lintas negara ;negative
pedulilindungi error kebocoran data pribadi rame ;positive
kebocoran data card data peduli lindungi masyarakat paksaan data trus pikir kesalahan ;negative
ngetweet berdasar pengalaman pemilu kebocoran data penduduk notabene data pemilih bocor kemudahan lembaga akses database minimnya pengaman data bocor simcard pedulilindungi ratusan juta china ;positive
lempar tanggung luhut bener krna emang disimpan data center pusat data nasional kemenkes kerjasama kominfo bssn smpe skrng ehac pedulilindungi aman kebocoran ;negative
luhut pedulilindungi aman disimpan kominfo erick pedulilindungi datanya hilang plate serangan siber tugas bssn bssn kebocoran tanggung tugas warga mensejahterakan pemerintah ;positive
permasalahan dipandang remeh masyarakat kemunculan bjorka anti hero melawan pemerintah dibuka menjual data pribadi juta data kebocoran peduli lindungi ;negative
masyarakat sadar ulah hacker dibenarkan inisiatif pemerintah mengintegrasi masyarakat corona peduli lindungi ditentang lantaran khawatir kebocoran data ;negative
setuju bssn tanggung pemerintah bikin kebijakan pedulilindungi kebocoran data pilpres pemilu ;positive
luhut pedulilindungi aman disimpan kominfo erick pedulilindungi datanya hilang plate serangan siber tugas bssn bssn kebocoran tanggung ;positive
omong kosong statement erick tohir luhut pedulilindungi aman disimpan kominfo erick pedulilindungi datanya hilang plate serangan siber tugas bssn bssn kebocoran tanggung ;positive
erick family maling negara luhut pedulilindungi aman disimpan kominfo erick pedulilindungi datanya hilang plate serangan siber tugas bssn bssn kebocoran tanggung ;negative
kayanya kalo salah kebocoran data peduli lindungi beliau melemparkan kesalahan ;positive
ngga percaya udah kebocoran data ktpnik peduli lindungi simcard pemerintah responnya jelek garcep recovery website peningkatan cyber security nunggu ;negative
waka ditanganikebocoran data darurat cari pakar teknologi dihadapi kunci teknologi pedulilindungi dikasih pengawalan teknologi dikasih pengawalan teknologi teknologinya canggih ;positive
vaksin disuntik cuman kdosis diaku langsung terdaftar peduli lindungi vaksin boster hapus data vaksin butuh vaksin vaksin bantuin ;negative
data kesehatan rahasia maksud aturan pemerintah buka terbatas pedulilindungi dibuka publik identifikasi terbatas kontroversial kondisi epidemi dipertimbangkan ;positive
permissionizin akses salah contoh tampilan android ngeceknya salah aplikasi berhasil diambil alih peduli lindungi akses bikin akses data ;negative
berhasil nggak dukcapil data sesuai pedulilindungi plindungi ;negative
bill gates dukung transformasi kesehatan digital indonesia platform satusehat terintegrasi peduli lindungi memudahkan data kesehatan personal terintegrasi jokowi digitalisasi ;positive
data platform data pedulilindungi platformnya data bpjs data kelola negara ;negative
download peduli lindungi kemaren booster chat kemenkes data masukkan salahtidak valid pastikan menginputkan data terdaftar aplikasi peduli lindungi ;positive
menyibukkan mencari pembeli online offline kotak katik data orang oiya jasa vaksin permanent peduli lindungi ;negative
selamat malam data vaksinasi terintegrasi tiket menghindari kendala silakan tunjukkan sertifikat vaksin pedulilindungi bentuk fisikcetak info ketentuan link trims ;positive
digital coba peduli lindungi data disitu ;positive
peduli lindungi daftar boosterntr tinggal masukin data tinggal pilih vaksin nnti ;positive
data aplikasi peduli lindungi terintegrasi sistem ;positive
akun peduli lindungi muncul sertifnya coba akun saudaratemennya kemarin unduh sertif ortu pakai akun data jenis vaksin tanggal vaksin verifnya ;negative
gimana posisi beda vaksin disana beli vaksin trus disuntikin orang ngerubah data pedulilindungi doang ;positive
coba bapakbapak ibuibu terhormat nomor vietnam takut data jual vietnam ;negative
elisa karamoys blog bijak peduli lindungi data ;negative
membanggakan digitalisasi kekuatan infrastruktur digitalnya entri data realtime pedulilindungi langkah rangkaian perjalanannya manfaatnya dirasakan masyarakat jalani ;negative
erik thohir bilang data peduli lindungi hilang ;negative
gonna survive tomorrow super hina data pano magchecheck pedulilindungi ;negative
data tersimpan pcare tunjukin vaksin pedulilindungi nder ;negative
ngaruh bjorka sampe peduli lindungi error scan ;negative
udah aman peduli lindungi udah ;negative
aman comandos ;negative
bego vaksin masik pedulilindungi konser aman udah coba follow balesan ;positive
pantesan aplikasi peduli lindungi aksesbiar aman datanya ;negative
beraktivitas bepergian aman nyaman pastikan menghijaukan pedulilindungimu sumber ;negative
barusan ngalamin berulang untungnya sertifikat udah diunduh localan aman ngandelin kadang bikin tetiba darah ;negative
dagelan lucu trus data aman inget peduli lindungi daftar nomer ;negative
seselektif registrasi pake bocor datanya emang data pribadi peduli lindungi kebobolan data aman hakku dibatasi kalo gitu sekolah pake transportasi ;negative
data pribadi suruh jaga data peduli lindungi dijamin aman data ;positive
ehac pedulilindungi aman ;negative
coba peduli lindungi vaksin hiji langsung claim sertifikat otomatis vaksin langsung duka eror duka kumaha soalna ujug ujug vaksin aman tiket kereta nonton persib ;positive
jasa joki vaksin booster aman terdaftar peduli lindungi ;positive
tweep beredar data pribadi petinggi nkri data peduli lindungi memuat data status vaksin nyebar sumber pembocor aman kena ;negative
kalo pemerintah melindungi data rakyatnya peduli lindungi pertamina card bpjs bullshit kalo bilang aman kemkominfo kena doxing ;positive
gini banget bssn udah konferensi pers semalam semoga data peduli lindungi aman ;negative
uninstall pedulilindungi ;negative
langsung uninstall pedulilindungi apps minggu vaksin diverif masuk mall bioskop dipake ;positive
gangurus liyo gabakal uninstall pedulilindungi hahaha ;negative
uninstall peduli lindungi ;negative
pedulilindungi uninstall nctsmtowndream ;negative
uninstall pedulilindungi wkwkw ;negative
povnya uninstall peduli lindungi masuk kudu scan barcode elupa kalo uninstall donlot wkwkwkw ;negative
skrg peduli lindungi install uninstall ;positive
udah sempet uninstall pedulilindungi gara kesini mendadak instal ;negative
peduli lindungi uninstall ;negative
uninstall peduli lindungi ;negative
dream indonesia uninstall peduli lindungi udah jakarta ;positive
eksistensi pedulilindungi uninstall segan ngebiarin ;negative
ohya kesana nonton peduli lindungi wajib udah uninstall gegara memory full install jaga bsok bets ;positive
lupa uninstall pedulilindungi ateez ;negative
peduli lindungi masi kepake ngga pengen uninstall ;negative
akun peduli lindungi dibuka anjrittttt astagaa emosi instal uninstall ;negative
peduli lindungi error buka loadingnya logout update login udah uninstall reinstall tetep login gimana besok pagi jadwal flight ;positive
ahhh kagak scan masuk kantor ketahan gara ngeblank buka security disuruh suhu floor uninstall reinstall peduli lindungi login nonton dooong kendala njir ;positive
peduli lindungi udah uninstall ;negative
minggu uninstall install peduli lindungi donlod gambar sertif kalo scan pake gojek shopee ;negative
peduli lindungi crash uninstall coba install ulang kmrn ngga ngga ;positive
pedulilindungi uninstall nder nonton marv ngga disuru scan ;negative
memori full uninstall uninstall download peduli lindungi masuk mall trnyata install install uninstal pedulilindungi ;positive
kaget masuk mall menu aplikasi menghilang uninstall aplikasi peduli lindungi apps panik cari alternatif untung menu peduli lindungi ;positive
juta data peduli lindungi hilang udah uninstall aplikasi rakyat terbiasa hidup berdampingan covid ngapain pake peduli lindungi ;negative
alhamdulillahbagusnya udah uninstall aplikasinyapeduli lindungi unfaedah ;negative
culture shock semarang jebul peduli lindungi tenanan kanggo kene donggggg uninstall pdhl wkwk ;positive
install peduli lindungi kepepet butuh uninstall masi rentan logout aplikasi ketiga potensi aman serius nanya ;positive
peduli lindungi rela uninstall pubg ;negative
malu anjjjj uninstall pedulilindungi ;negative
hasil sertifikat vaksin udah terverifikasi download aplikasi trace together peduli lindungi gitudeh aplikasinya udah uninstall contohnya ;negative
uninstall tiktok download ulang peduli lindungi masuk mall taunya gabisa scan trus pulici yaudah masuk hatur nuhun masuk mall jalur kebaikan hati ;positive
uninstall pedulilindungi soalmya appnya ngecrush mulu dibuka samasekali dibuka lanfsung ;negative
ingfo syarat tiket nonton perihal buster pedulilindungi biar gamenumpuk antriannya kalo make udah dipersiapkan kali udah uninstall kalo sertifikat vaksin buster hape ;negative
peduli lindungi dipake uninstall ;positive
peduli lindungi rusak bikin error uninstall ;negative
pergi sengaja mundur langkah memberimu ruang melangkah berhenti peduli lindungi aplikasinya blom uninstall memperhatikanmu ;positive
pengen uninstall aplikasi peduli lindungi ;negative
uninstall peduli lindungi dapet kuota vaksin booster ;negative
presiden digitalisasi bill gates dukung transformasi kesehatan digital indonesia menkes mengatakn depannya pedulilindungi terintegrasi platform satusehat bersifat personal memudahkan pengguna memantau kondisi kesehatan ;positive
presiden digitalisasi bill gates dukung transformasi kesehatan digital indonesia menkes depannya pedulilindungi terintegrasi platform satusehat bersifat personal memudahkan pengguna memantau kondisi kesehatan ;positive
terdaftar pedulilindungi ;negative
menarik data dishare bjorka pejabat masuk mall pesawat booster presiden pedulilindungi ;positive
awowkwok jgnkan menteri presiden kesebar gegara aplikasi peduli lindungi dibocorkan bjorka udah lihat isinya ;positive
diumbar luaran pembantu presiden mestinya dibawa rapat kabinet dicarikan solusi dieksekusi hasilnya diberitakan publik data peduli lindungi terlindungi ;positive
selamat kemerdekaan indonesia upacara presiden megah menandakan indonesia merdeka jajahan pemaksaan apapun vaksin pedulilindungi bpjs koruptor kjahatan megah skali upacaranya ;positive
kalo away bandung booster vaksin booster vaksin piala presiden kemaren venue solo gapernah nanya vaksin bertiket liga sleman gapernah nanya vaksin pedulilindungi bertiket ;positive
benci kagak sibuk gegara ;negative
meeting kerja meetang meeting mulu data bocor data informasi peduli lindungi presiden bocor prestasi kominfo performa instansi negri bobrok monopoli bisnis ;negative
beli tiket piala presiden ngecek peduli lindungi sertifikat vaksin vaksin boster acan ;positive
pemerintahan negeri polandia kebocoran data data bpjs pedulilindungi warga poland bocor data presiden polandia sempet bocor percaya indonesia otorisasi data bbrp perusahaan ;positive
data takut bocor telor data peduli lindungi bocor sampe data presiden konyol ;negative
piala presiden bulu tangkis pbsi gratiskan tiket nonton baca berita media indonesia ;positive
semoga pilih presiden pake aplikasi peduli lindungi ;negative
emang mendag presiden tempo omong harga migor turun minggu sampe skrg bertengger turun migor curah embel peduli lindungi sgla kwalits migor curah ngegumpal dismpn ;negative
vaksin lengkap coba tunjukan aplikasi peduli lindungi masuk istana presiden ;positive
aneh negara beli musti pake aplikasi mypertamina beli minyak goreng pake aplikasi peduli lindungi manfaat pemilu pemilihan presiden pake kardus digembok gede anggarannya ;negative
pagi presiden aplikasi memudahkan pelayanan masyarakat kecuali aplikasi mypertamina pedulilindungi bikin aplikasi memantau gerakgerik belanja pasar tradisional ;negative
presiden menteri pakai aplikasi peduli lindungi peduli kondisi rakyat melindungi kepentingan rakyat ;positive
putin memperlakukan berbeda pertemuan presiden perancis presiden presiden perancis menolak test covid menolak menyerahkan handphonenya jokowi bersedia colok tujuannya mulia beliau menunjukan handphonenya berisi aplikasi peduli lindungi ;negative
presiden pejabat merakyat kastanya ditinggikan hahaha yaudah daftar pedulilindungi beli minyak goreng harganya lupa main selang spbu ;negative
pedulilindungi hilang gojek simak checkin viaâ browser ;negative
pedulilindungi hilang gojek simak checkin browser ;negative
pedulilindungi hilang gojek indikasi status pandemi dicabut ;negative
fitur pedulilindungi hilang aplikasi grab gojek ;negative
kemenkes buka suara pedulilindungi hilang aplikasi gojek shopee ;negative
pedulilindungi hilang aplikasi gojek shopee kemenkes buka suara ;negative
carats kemaren totebagnya disuruh titip scan pedulilindungi ngga security diambil malemnya hilang ngga kabarnya ketemu beneran dibuang ;negative
kawans sertifikat vaksin boosternya mendadak hilang aplikasi peduli lindungi aplikasinya responsif update mohon ;negative
halo pagi sertifikat vaksin hilang aplikasi peduli lindungi logout gagal login ;positive
peduli lindungi gajelas sertifikat vaksin hilang ngurus aplikasi error gajelas kemenkesri ;positive
peduli lindungi update suntik pagi sorenyabesoknya sertifikat sekelasnya pejabat karpet merah urusan pelayanan bocoran vaksin sampe dosis jwbn covid hilang ;positive
menteri bumn erick thohir menyinggung jutaan data base aplikasi pedulilindungi hilang pedulilindungi menyimpan juta data base penduduk ;positive
hahaha udah chehk beli datanya cuman bilang datanya peduli lindungi valid kominfo jebol yakali data hilang intinya cuman pansos negara cepet ;positive
dibilang jutaan data base peduli lindungi hilang ;negative
juta data peduli lindungi hilang hilang ;negative
kayanya bjorka data peduli lindungi hilang ;negative
kasih asing data peduli lindungi ambil data rakyat bilang hilang ;negative
erick thohir juta database pedulilindungi hilang said didu dirugikan rakyat tanggung ;negative
terungkap erick thohir juta data pedulilindungi hilang covid reda ;positive
luhut pandjaitan jamin data pedulilindungi aman erick thohir datanya hilang ;positive
biadab semuatdk tanggung erick thohir juta database pedulilindungi hilang said didu dirugikan rakyat tanggung ;negative
rezim jutaan data base aplikasi biadab pedulilindungi hilang tanggung hentikan omong kosong vaksin pedulilindungi ;negative
heboh juta database pedulilindungi hilang news ;positive
peduli lindungi proxy mencuri data kependudukan data bocorhilang memaksakan penggunaannya pemerintah bertanggung ;negative
chief digital transformation office kemenkes setiaji data masyarakat aplikasi pedulilindungi hilang bocor ;negative
kemenkes data pedulilindungi hilang pengguna hariannya berkurang ;positive
mengkonsolidasi contoh peduli lindungi pakai juta covid hilang hilang data erick thohir diartikan kalo covid hilang data kepake ;negative
erick thohir data pedulilindungi hilang covid turun ;negative
peduli lindungi pakai juta covid hilang hilang data erick thohir ;negative
aplikasi pedulilindungi beli minyak goreng hilang gejolak minyak goreng selesai aplikasi hidup orang miskin ribet ;negative
netizen nepsong baca dipikir komentar maksudnya data pedulilindungi dimanfaatkan covid hilang data tersisasia manfaatnya perekonomian ;positive
ironis aplikasi namanya pedulilindungi database penggunanya hilang pengelola peduli melindungi ;negative
luhut tanggung database peduli lindungi rakyat hilangga cari kambing hitamkerja becusmundur ;negative
juta database pedulilindungi hilang erick thohir ;negative
data ektp bocor data ecommerce bocor data card bocor data pedulilindungi hilang digital diperkoas semoga data skck aman jokowi ;positive
hilang proyek erick thohir juta database pedulilindungi hilang ;negative
have privacy diwujudkan indonesia ;positive
dipermasalahkan dimana kominfo data data privacy mending wadahnya bagus berdasarkan pengalaman data ektp peduli lindungi bocor ;positive
apple apple whataboutism peduli lindungi obrolan privacy hidup mati orang kominfo pegang data orang mati ;negative
daftarin steam melanggar privacy policy pertahankan data privacy bocor kali bpjs pedulilindungi ;negative
perlindungan data pribadi said they have their privacy policy bertahan bertahuntahun berlaku internasionalãƒâ bocor banyakan pemerintahan bpjs pedulilindungi sehat ;positive
dude they feds want internet positif because they want keep privacy safe even peduli lindungi just blocking something need just unblock apps they blocked especially reddit steam awas kena ;negative
someone travels places during pandemic annoyed every time need scan another pedulilindungi already breaching location privacy these people placing vagueness over right accessing internet this shit ;negative
sisi data privacy penggunaan pedulilindungi subsidi udah salah aplikasi tracking covid legitimasi subsidi ;negative
hahahah monmaap nihh pemerintah sono bilang pedulilindungi melanggar privacy wkwkwkwk goblog ;negative
pedulilindungi berubah fungsi pemantauan kejar target vaksinasi dagangan vaksin luhut belom habis urusan migor lahan bisnis cuan luhut terbarukan hatihati aplikasi pedulilindungi data privacy dicuri kepentingan pilpres ;positive
pliss baca kebijakan privacy pedulilindungi hubungannya migor pedulilindungi ;positive
puan pemerintah buktikan layanan pedulilindungi langgar privacy ;negative
temennya numpang akun pedulilindungi sampe skrg kmrn tolong akunya karna privacy disitu akun peduli lindungi ;negative
sampe peduli lindungi nyebar privacy gasi ;negative
melindungi privasi smartphone android hapus aplikasi dipakai download pakai aplikasi dibutuhkan aplikasi pakai peduli lindungi hapus pakai apps permissions your privacy matters ;negative
ribut data privacy barulah ;positive
tuduhan melanggar puan pemerintah buktikan layanan pedulilindungi langgar privacy penasatucom ;negative
wkwk komen privasi aneh klen beli tiket pake rawan privasinya kereta pake udah lohhh kalo udah vaksin booster hpku download pedulilindungi skrng privasi ;negative
setuju kalo pedulilindungi dihapus enak dipantau nggak sopan menganggu privasi bangsat plindungi ;negative
keputusan menkes kontrak pedulilindungi dinilai melanggar ketentuan peraturan mengabaikan kewajiban negara menjamin privasi ;negative
muncul peduli lindungi bertanyatanya privasi data ;negative
perpindahan data aplikasi pedulilindungi praktisi pelanggaran privasi ;negative
ngomong privasi kalo udaah kasi akses pedulilindungi ;negative
data bocor mudahnya ente bilang melindungi data privasi rakyat indonesia ;negative
bilang huxley dibanding orwell sederhana bicara privasi gitu aslinya install pedulilindungi kaga smean pikir arah rule them kemana ;negative
aturan gini data data aman steam paypal adobe gapernah kena privasi konsumen kalo udah urusan negara bocor data pedulilindungi bpjs kedaulatan apanya hehe ;negative
taringbang jaminan perlindungan privasi negara lemah contoh kayak peduli lindungi bermasalah judi online dianggap game legal game asli dianggap illegal ;positive
perlindungan data warga lawakan peduli lindungi datanya kayak keran bocor kelanjutan gimana orang orasi twitter space doxxing privasi ngutarain pendapat didoxxing komunis ;positive
sebarkan kabar gembira rakyat indonesia merdeka penjajahan privasi semoga pertanda merdeka drama covid mandat vaksin ;positive
dibaca peraturannya gimana pemerintah data privasi pengguna data privasi pemerintah pegang data bpjs peduli lindungi data bocor kemana penipuan chat random data ;negative
pengetahuan lengkap pengetahuan dajjal mengontrol manusia agenda pandemi seakan gapunya privasi data pribadi dikuasai lokasi dipantau jalan diawasi masuk mall pake pedulilindungi ;negative
ngikutin aturan nyeleneh baca permennya ngintip data privasi orang bertahuntahun data pengguna aman diserahkan pemerintah jaga data masyarakat peduli lindungi becus ;negative
aplikasi peduli lindungi udah melanggar privasi vaksin udah dinyatakan vaksin data dipakai data dipakai langgar privasi ;negative
menurutku esensinya wokwowk landasannya ngejaga privasi keamanan data masyarakat indonesia kabarnya kebocoran data peduli lindungi kemarinâ wkwkw ;positive
setuju pake peduli lindungi udah melanggar privasi masak gini ngeh ;negative
bener parah data peduli lindungi temukan dark nggak privasi ;positive
luhut udah bjorka mengada percaya luhut udah cuman blom masuk peduli lindungi kedepannya belajar luhut booster cepat masuk peduli lindungi ;positive
bjorka kadrun bodoh posting data keamanan asli ntar dicuri kadrun antisipasi kadrun kemakan tipuan polisi merasaa hebat kadalin polisi kadrun haker bjorka kerja ngintip dukcapil pedulilindungi ;negative
habis dihack bjorka ;positive
bjorkaane berteman kokkita liat kemampuan cyber indonesia kurangcoba tolong rusiapasti kebongkar lupa data peduli lindungicek smua access loginnya situ ketahuan download data ;positive
hahaha nganggap bjorka hacker internasional bongkar data data peduli lindungi langsung disembah ;negative
peduli lindungi freeze efek bjorka buka data vaksin pejabat ;positive
warganet tuding bjorka retas aplikasi pedulilindungi penjelasan kemenkes ;positive
bilang bjorka dapet data data sumber bilang peduli lindungi ;negative
aplikasi peduli lindungi hack bjorka error mulu ketinggalan kereta curhatkrl ;negative
peduli lindungi kena bjorka ;negative
peduli lindungi error diretas bjorka kali ;negative
bjorka bknlah orng hekel pagaroyong newbie mengambil data aplikasi peduli lindungi rentan data disebar wikileaks diserang pemerintah orng mencoba trik dunia politik hitam hasilnya lumayan memuaskan ;negative
timsus nanganin bjorka apps pedulilindungi errrorjson mulu ;negative
gatau kayanya data peduli lindungi sempet bocor sengaja mainan hackernya dikeluarin dikit feelingku bjorka udah nyimpen confidential orang berani ngasih kuisgiveaway hadiahnya ;positive
kasih bjorka kemarin nunjukin adminer adminer file berketensi fungsinya mengedit delete crud data elite share berasal pedulilindungi ngewanti peduli lindungi ;negative
whatever prof membenarkan data peduli lindungi berhasil dibobol bjorka data menyakiti hati rakyat ;positive
hacker bjorka diduga bocoran data aplikasiâ pedulilindungi ;positive
kayaknya hacker bjorka kadrun mantan pegawai pedulilindungi posting data booster hacker paham kadrun bodoh percaya apapun info hacker nyinyir ;negative
bjorka diduga bocoran data lamaâ pedulilindungi ;positive
pake bjorka peduli lindungi ;negative
hacker bjorka diduga pakai bocoran data pedulilindungiâ hukum ;positive
lamalama ragu kalo bjorka hacker negeri kyknya bjorka orang indonesia kerja peduli lindungi ngehacknya data dasar peduli lindungi ;negative
jasa joki vaksin booster teraman guys terdaftar peduli lindungi vaksin langsung full dosis nunggu real hasil hack ;negative
jasa joki vaksin booster teraman guys terdaftar peduli lindungi vaksin langsung full dosis nunggu real hasil hack ;negative
jasa joki vaksin teraman guys terdaftar peduli lindungi vaksin langsung full dosis nunggu real hasil hack ;negative
jasa joki vaksin teraman guys terdaftar peduli lindungi real hasil hack ;negative
society cyber security data bpjs bocor gimana lanjutannya data peduli lindungi dijual darkweb diapain data situs tangan hack kominfi wakanda kemana user prefer jaga data perusahaan sekelas google meta ;negative
mikirin anak seventeen kalo download pedulilindungi datanya bocor ;positive
indikasi pandemi berubah endemi itusudah applikasi peduli lindungi data bocor ;negative
datadata bocor peduli lindungi fimana ;negative
pelindungan data pribadi menyasar orang perseorangan korporasi gimana data bocor aplikasi milik pemerintah peduli lindungi narasinya diganti data peduli lindungi dihack pemerintah salah ;positive
hrus tuntut pedulilindungi data bocor pmerintah skill utama ngeles ;negative
orangnya dapet emang keknya datanya udah bocor dicoba search google nama kengkap lengkap tanggal lahirnya tinggal trial tanggal vaksinnya peduli lindungi ;positive
bocor diupload bang peduli lindungi data pribadi keep ;positive
update bang pedulilindungi bocor ;positive
seventeen disuruh install peduli lindungi datanya bocor ;positive
wkwkwkwk data basi peduli lindungi emang udah bocor munir udah rahasia filenya udah ilang zaman beye ;positive
heker katro diladenin ngeshare data bocor peduli lindungi data basi doang heboh ;positive
trus bocor data peduli lindungibyk pokoknya ocehin bang ;positive
data bocor data bpjs card peduli lindungi bikin aplikasi dikombinasi googlemap nunjuk alamat rumah daftar nama penghuni lengkap datadata horror ;negative
bjorka this bjorka that guys lebay mean whats problem thennnn ngedoxx presiden perasaan drdl udah ngedoxx presiden zamannya data pedulilindungi bocor wkwkwkwk ;negative
data pedulilindungi bocor wkwkwk ;negative
kayak ambil data peduli lindungi bocor ;negative
mall rumah sakit scan pedulilindungi imbas data bocor ;positive
pedulilindungi error masukâ maksa masyarakat pake apps dikit update diupdate data tetep bocor beneran maksa appnya update mulu notice ;negative
peduli lindungi musti pampresin biar kgak bocor mulu ;negative
dibahas gembok ngeyel data bocor aplikasi peduli lindungi mending ;positive
stttt dinotice hacker beneran data peduli lindungi bocor kmaren seru ;negative
karna data sebar data emang bocor biarpun memalukan cyber defense indonesia emang kenyataan data peduli lindungi kebobolan kali kmaren update ;negative
data vaksin diduga bocor komisi aplikasi pedulilindungi dievaluasi ;positive
amerika dibobol assenge datanya efek data bocor hacker kelas teri data data nomer peduli lindungi ;positive
buka data peduli lindungi ngak data bocor ;positive
data peduli lindungi bocor kemarin ;positive
pbhi menggugat kontrak kemenkes pedulilindungi dikhawatirkan rawan bocor dikelola ketiga alasannya ;positive
kemenkes siapkan pedulilindungi bahasa pake bahasa data bocor ;negative
data diambil booster ketiga brrti vaksin pendataan stelah bocor petinggi dimasukkan datanya peduli lindungi masyarakat sorry info kesannya sperti prtnyaan diatas ;negative
data pribadi bocor dibilang data rahasia udah terintegrasi pedulilindungi bpjs pajak data diperbankan skrg pake bocor bocor mengumpat hati ;positive
heker pager doyong pujaan kdrun real hacker ngurusin gosip katimbang ngurusin ultah puan receh peduli lindungi bocor udah tauk real hacker bongkar super rahasia super sulit ;negative
caper cringe banget menghilangkan fakta pedulilindungi bocor data valid mutakhir orang indonesia ;positive
data bpjs bocor data peduli lindungi bocor ketiga data indihome bocor nikmat dustakan ;negative
data rakyat bocor kerjaan urus ditindak pidana membahayakan rakyat negara sekelas bocor pedulilindungi bocor skrg datakartu card bocor rakyat disuruh jaga gimana ceritanya bikin pasword daftar ;negative
data pinjol fintech marketplace nomer pejabat data peduli lindungi kmrn bocor ;negative
cieee panik gara terintimidasi panik panik gaaa suruh masyarakat jaga data pribadi biar bocor peduli lindungi suka bocor ;positive
warga mengaktifkan peduli lindungi pertamina card diwajib memasukkan data pribadi data bocor negara wajib melindungi data wajibnya warga memasukkan data menunggu langka negara kemkominfo ;negative
bocor peduli lindungi vaksin ;positive
data bocor data pedulilindungi rentang tanggal booster ;positive
simple diduga pedulilindungi bocor audit umumkan hasilnya nggak publik ;positive
seinget pedulilindungi data angkat tangan baca kalo salah rame kalo data bocor gamau tanggungjawab ;negative
seru ledek hiburan nyomot data peduli lindungi sempet bocor ;negative
dispill bjorka data pnddk dijual negri lupa yapedulilindungi pleciden bocor septmber gakaman dibiarin krja dbyar duit rkyt hsilnya mlindungi sgenap bangsa indonesia adlh tugas pmrintah sesuai pmbukaan ;negative
elukan janji data masyarakat indonesia aktivasi peduli lindungi bocor ;negative
nomor halo datanya ngga regist pedulilindungi akses bjorka share kebanyakan data bocor vaksin ;negative
data peduli lindungi bocor masuk pake scan bgtu apps peduli lindungi ;negative
nasa bocor langsung ditambal blog koar sampe nyalahin masyarakat warga jaga data registrasi mengeluarkan peduli lindungi giliran kena hack lepas tanggung ;negative
sdkit menggelitik mbak bjork datanya data pedulilindungi sempet bocor vaksin spil hehe mbak bjork ambil data sono hayoooo mbak bjork ngaku ;negative
ngambil datanya data peduli lindungi bocor keknynya ;negative
bjorka memanfaatkan data pedulilindungi bocor miliki nyebar data udah terkait bbrp beneran data penyelidikan data personal such alamat ;negative
papalah bocor jugaâ pedulilindungi capek spam ;negative
cari pedulilindungi sistem emang bocor kpanlalu pleciden bocor aplg laen gakpake nodrop ;positive
bjorka dibenci masyarakat indonesia dianggap pahlawan rakyat muak tindakan pemerintah bjorka menguatkan dugaan data pedulilindungi bocor ;positive
data penduduk indo udah dijual pengusaha asing data pedulilindungi wahid bocorapalah penduduk ;positive
sblm bjorka reveal data orang indo dijual luarnegri data pedulilindungi pleciden bocor intinya udah berborokaja diabjorka buka perban doank ;negative
blokir korban nomor penjamin nama teman dokter temen dokter kaya hutang jtan info temen nomernya bocor peduli lindungi ;negative
data card pelanggan indih bocor kemkominfo enggan bertanggung bilang jaga data data pedulilindungi erick thohir bocor menteri diam seribu bahasa kerjamu ngapain joni ;negative
pedulilindungi emang problem bocor data tracker ;negative
canggih sekelas bocor pedulilindungi bocor begok dipelihara membela salah ;negative
database bocor asli bapuk bener ;negative
data peduli lindungi bocor ;negative
vaccin data bocor berasal peduli lindungi kali ;negative
aplikasi peduli lindungi diakses kepentingan bocor contoh ;positive
hapus aplikasi peduli lindungi bocor pake digital dimintain data pribadi pertggjwbannya ;positive
haduh bikin data bocor data bocor pool data diprotect bener kominfo ektp pedulilindungi maksa pool data kesitu rakyat kasihan gila ;positive
mohon maaf kesal menyuruh aplikasi peduli lindungi data aman bocor celakanya terdzolimi heran stop being idiot ;positive
memaksakan aplikasi peduli lindungi institusi terlibat kebijakan paksa vaksinasi covid bertanggungjawab bocor data rakyat indonesia enak ngabisin apbn suruh nanggung rakyat mikir bong ;negative
data ektp bocor data ecommerce bocor data card bocor data pedulilindungi hilang digital diperkoas semoga data skck aman jokowi ;positive
lihat prof goblok tolol tanggung data bocor peduli lindungi ;negative
data dijual kominfo data bocor pedulilindungi data hilang puluhan juta ratusan juta milyaran hadeh kacau dampaknya tagihan muncul tibatiba muncul suara siluman pemilu ;negative
aplikasi pemerintah taruhlah peduli lindungi data tibatiba data raib bocor dijual dibobol pemerintah menjaga identitas kependudukan logikanya ;positive
beres database indihome database registrasi simcard database database pedulilindungi bocor pejabat ditempatkan ahlinya ;negative
database kominfo diinfokan bocor data pengguna pedulilindungi diinfokan bocor tenang data oligarki aman ;negative
revolusi industri data warga bocor brin dipimpin tamatan ;negative
rakyat dipaksa pedulilindungi datanya bocor hilang ;negative
untung pakai pedulilindungi nyolong bocor ;negative
sampe speechless data lembaga bocor trus data peduli lindungi dihapus kasar ;negative
data card bocor data customer indihome data data pedulilindungi usaha pencegahannya nyuruh hacker ngehack pemerintah isinya orang orang bego becandaan taunya real anjing ;positive
juta data pedulilindungi hilang langkah patut diacungi jempol mencegah kebocoran data akhirakhir data bocor ;negative
data registrasi simcard bocor data bocor data pedulilindungi corbocor disah sampe kiamat masak ;negative
data registrasi card prabayar bocor menyusul erick thohir singgung juta data pedulilindungi hilang ;negative
embel;negative
lhooo tempo data peduli lindungi bocor bener registrasi pake bukankurang percaya negara ;positive
rencana pedulilindungi aplikasi kesehatan terintegrasi aplikasi pemerintah nyata ngimpi total control data bocor more ;positive
weitz sireee kitane weroh gitu mengkonon terusss bocorr bocor aplikasi buatan pemerintah jugaaa data peduli lindungi kemaren bocor data ;negative
diperhatikan serius perlindungan data pribadi bocor pedulilindungi aplikasi publik kesehatan dikembangkan halhal kesehatan publik ;positive
tinggal nunggu data bocor pedulilindungi seringsering crosscheck ;negative
bocor;negative
bilang lindungi data masingmasing pribadi maksa vaksinasi data aplikasi peduli lindungi ngomong menkominfo menko omong kosong xixixixi xixixixi pantesan data bocor ;positive
beneran pengen nonton ;negative
giveaway pass exhibitor sabtu minggu serius reply beneran dipake dijual peduli lindungi udah hijau booster ;positive
kalo disuruh download pedulilindungi data dijual minfo ;negative
ngomong apapun faktanya dijual data hasil registrasi blog data peduli lindungi bicara ngelantur kemanamana ;negative
oposisi dibobol status menarik dijual dijual data oposisi data warga setara penduduk dianggep remeh sblm rame pandemi pedulilindungi datanya dijual bedanya terbakar ;negative
hacker ambil data kominfo pedulilindungi setneg situs pemda dibuka dijual darknet warga kebelah ketawa marah akun twtr tele banned ;negative
data penduduk indo udah dijual pengusaha asing data pedulilindungi wahid bocorapalah penduduk ;positive
gausah dijual ditambahin peduli lindungi ;negative
validasi data peduli lindungi dalamnya data uangkan validasi dijual ;negative
eserius juta data peduli lindungi ilang negara lindungi data warganya gimana aman hellloooo kominfo nyaman data data warga dijual beli hilang ;negative
masuk mall pinjem kaum pemuja covid ngapain nyebar data aplikasi peduli lindungi data rakyat indonesia dijual alibaba cina singapura data ehac dikirim singapura cina proses investigasinya ;negative
baca emang beneran data peduli lindungi bocor bpjs dijual oknum didownload gratis denial lahemang pemerintah gagal seleksi sesuai disiplin ilmunyaudah ngaco ;negative
wkwkw badut emang keamanan data masyarakat gapernah diproses penyerangan peretasan data bpjs pedulilindungi dibobol dijual pake acara nasional benerbener nyusul china trus korea utara ;negative
waww instansi pemerintah hobi jual data pengguna peduli lindungi dijual datanya ;negative
bang data bpjs peduli lindungi dijual grosiran dark macem ginian pemerintah sengaja ngebocorin data user anjinganjing buzzer ngonggong neror kontra ;positive
peduli lindungi release sebulan data bocor dijual darkweb website seharga triliun tanggal juli kemaren diretas teknik hacking gampang ganti session masuk admin kotak katik database ;negative
kolam renang abis scan peduli lindungi scan muka dapet match identitas wajahku basic information bingung darimana dtgnya ;positive
silakan identitas asli sertifikat vaksin aplikasi pedulilindungi bentuk cetakfisik informasi syarat perjalanan lengkapnya link trims ;negative
silakan identitas asli sertifikat vaksin aplikasi pedulilindungi bentuk cetakfisik informasi syarat perjalanan lengkapnya link trims ;negative
menerima vaksinasi dosis ketiga menunjukan hasil negatif covid kartu identitas sertifikat vaksin mohon pastikan sertifikat vaksin terbit aplikasi pedulilindungi ;positive
indo ginian diperhatiin organizernya kemarin konser jeketi scan peduli lindungi tukar tiket sore suruh nunjukin identitas singkron statement ;positive
scan peduli lindungi bawa identitas ;positive
menerima vaksinasi dosis ketiga menunjukan hasil negatif covid kartu identitas sertifikat vaksin mohon pastikan sertifikat vaksin terbit aplikasi pedulilindungi ;positive
masukin nomor identitasktp diverif otomatis sesuai data pedulilindungi kalo sesuai gabisa pembayaran ;negative
menerima vaksinasi dosis ketiga menunjukan hasil negatif covid kartu identitas sertifikat vaksin mohon pastikan sertifikat vaksin terbit aplikasi pedulilindungi ;positive
kartu identitas sertifikat vaksin dosis ketiga mohon pastikan sertifikat vaksin terbit aplikasi pedulilindungi terima kasih ;negative
ngomongidentitas gitu peduli lindungi pupink ;negative
data kependudukan acakacakan ektp pusat verifikasi gagal gara dikorup tiang listrik data pedulilindungi pusat verifikasi identitas uniq berintegritas bansosbltdll sasaran pemilik data ;positive
bersedia hadir ahli gugatan pedulilindungi dibocorkan salahgunakan pedulilindungi identitas orang ;positive
jaga klinik bawa bawa peduli lindungi nyolot bawa identitas jaga aing gerung ngapain situ repot yasudah sore ngehe wkwk ;positive
ditelepon nomor verif data nama alamat tinggal lari nomor hrsnya kalo nawarin ngejelasin bilang bawa identitas mbanya keukeuh liat bpjssimfotopedulilindungi ;positive
masuk perpus scan identitas kunjungan kayak pedulilindungi gitu niatnya pengen bilang penjaga input nama bilang absen kelas ;negative
pedulilindungi rangkul keamanan prokes lintas negara nusantara identitas bangsa ;negative
pedulilindungi rangkul keamanan prokes lintas negara nusantara identitas bangsa ;negative
mohon mengunduh aplikasi pedulilindungi pastikan berstatus layak terbang silakan berkoordinasi langsung maskapai penerbangan informasi ;negative
mohon mengunduh aplikasi pedulilindungi pastikan berstatus layak terbang silakan berkoordinasi langsung maskapai penerbangan informasi ;negative
selamat sore syarat penumpang lokal wajib melampirkan sertifikat vaksin minimal dosis dibuktikan aplikasi peduli lindungi kartu vaksin informasi syarat lengkap penumpang silakan link trims ;positive
pemeriksaan rtpcr antigen diberlakukan keberangkatan kakak wajib kartusertifikat vaksin aplikasi peduli lindungi fisik informasi lengkap dicek link trims ;positive
selamat pagi sertifikat vaksin langsung aplikasi pedulilindungi bentuk cetakfisik informasi lengkapnya link trims ;positive
hadir isef simak informasi sobat isef assembly halljcc scan barcode aplikasi pedulilindungi scan barcode registrasi tunjukan petugas sobat isef menjelajah area sharia fair isef ;negative
dibuktikan aplikasi peduli lindungi kartu vaksin informasi syarat lengkap penumpang silakan link trims ;positive
silakan sertifikat vaksin minimal dosis aplikasi pedulilindungi informasi lengkapnya dicek tautan trims ;positive
selamat siang keberangkatan kakak bukti sertifikat vaksin aplikasi pedulilindungi kartu vaksinasi bentuk fisikcetak informasi lengkap syarat ketentuan perjalanan silakan link trims ;positive
diperlakukan covid mengakses status pedulilindungi orang berhak informasi kesehatan orang berdampak kesehatan pilihan menerima ;positive
bukti vaksinasi ditunjukan aplikasi pedulilindungi sertifikat fisikcetak kartu vaksin informasi lengkap syarat link trims ;positive
kartu keluarga dipake login peduli lindungi tuuu sssong ;positive
overcapacity kuda aturan beli tiket mesti peduli lindungi konek beli online kuda ;negative
cuman kang tiket habis terkoneksi langsung peduli lindungi metode face recognition tiket dipindahtangankan ;positive
guys peduli lindungi nama udah bener tetep ;negative
peduli lindungi registrasi njenengan podo ndek kunu sertifikat elektroni vaksin ;negative
digital secanggih gunanya aplikasi peduli lindungi langsung riwayat vaksin individu mbok insaf ribetnya birokrasi ;negative
browser nggak efektif banget kaya gitu pake aplikasi ribettt tinggal buka browser ketik alamat pedulilindungi masukkan nama lengkap habis hasilnya simpan pake skrinsot ;negative
halo aproval vaksin negeri banget coba reject salah kaya positif thinking mata ngecheck seliwer coba sampe skrng approve kereta bermasalah ;positive
kayanyaaa bener wajib idol sekalipunwkwwkwk kebayang hotspot download peduli lindungi kagak begimanaaa ;negative
daftar pedulilindungi kaga anjirr notifnya nama sesuai emang terdaftar warga indo nyet bangsat ;negative
mikirin sebong donlod peduli lindungi daftar kartu telpon masukin dimasing hpnya biar nyambung internet indo dipake ;positive
checkin langsung terkoneksi peduli lindungi ketauan sudahbelum vaksin pemesanan nggak terkoneksi penumpang nggak kebijakan update nggak pesen tiketnya statusnya gagal ;positive
pedulilindungi emang login pake ;negative
pake sape kalo peduli lindungi ;negative
aelah banget urusannya peduli lindungi urusan dukcapil terdaftar gimana ;positive
gila beli tiket nonton nama rekening ticket udah persis trus nonton ngecek tiketnya taunya palsu trus lacak peduli lindungi nama sinkron edit anjir mulus niat barcode edit hati ;positive
telat nikktpku udah masuk bpjs pedulilindungi gopay dikhawatirin ;positive
lupa kalo disuruh pake pedulilindungi ;negative
untung peduli lindungi liat ;negative
